height,timestamp,masp_epoch,token_address,last_inflation,last_locked
7543661,2026-08-03T12:21:50.924114801Z,607,tnam1q9gr66cvu4hrzm0sd5kmlnjje82gs3xlfg3v6nu7,0,50597617307373
7533661,2026-08-02T17:09:42.732484672Z,606,tnam1q9gr66cvu4hrzm0sd5kmlnjje82gs3xlfg3v6nu7,0,50597617307373
7523661,2026-08-01T21:58:19.401543853Z,605,tnam1q9gr66cvu4hrzm0sd5kmlnjje82gs3xlfg3v6nu7,0,0
7513661,2026-08-01T02:45:29.145488131Z,604,tnam1q9gr66cvu4hrzm0sd5kmlnjje82gs3xlfg3v6nu7,0,50597617307373
7493661,2026-07-30T12:15:24.837185888Z,603,tnam1q9gr66cvu4hrzm0sd5kmlnjje82gs3xlfg3v6nu7,0,50597617307373
7483661,2026-07-29T17:05:41.437632512Z,602,tnam1q9gr66cvu4hrzm0sd5kmlnjje82gs3xlfg3v6nu7,0,50597617307373
7473661,2026-07-28T21:55:04.522017434Z,601,tnam1q9gr66cvu4hrzm0sd5kmlnjje82gs3xlfg3v6nu7,0,50597617307373
7463661,2026-07-28T02:40:52.566823384Z,600,tnam1q9gr66cvu4hrzm0sd5kmlnjje82gs3xlfg3v6nu7,0,50597617307373
7443661,2026-07-26T12:28:09.310531272Z,599,tnam1q9gr66cvu4hrzm0sd5kmlnjje82gs3xlfg3v6nu7,0,50597617307373
7433661,2026-07-25T17:21:53.982039253Z,598,tnam1q9gr66cvu4hrzm0sd5kmlnjje82gs3xlfg3v6nu7,0,0
7423661,2026-07-24T22:17:16.862015962Z,597,tnam1q9gr66cvu4hrzm0sd5kmlnjje82gs3xlfg3v6nu7,0,50597617307373
7413661,2026-07-24T03:18:11.157940483Z,596,tnam1q9gr66cvu4hrzm0sd5kmlnjje82gs3xlfg3v6nu7,0,50597617307373
7393661,2026-07-22T13:07:46.089812413Z,595,tnam1q9gr66cvu4hrzm0sd5kmlnjje82gs3xlfg3v6nu7,0,50597617307373
7383661,2026-07-21T17:59:24.824408154Z,594,tnam1q9gr66cvu4hrzm0sd5kmlnjje82gs3xlfg3v6nu7,0,50597617307373
